Grade,Graduation,Gender,GPA
A,On Time,Male,2.0>
A,On Time,Male,3.0>
A,On Time,Male,3.0>
A,On Time,Male,3.0>
A,On Time,Male,3.0>
A,On Time,Male,3.0>
A,On Time,Male,3.0>
A,On Time,Male,3.0>
A,On Time,Male,3.0>
A,On Time,Male,3.0>
A,On Time,Male,3.0>
A,On Time,Male,3.0>
A,On Time,Male,3.0>
A,On Time,Male,3.0>
A,On Time,Male,3.0>
A,On Time,Male,3.0>
A,On Time,Male,3.0>
A,On Time,Male,3.0>
A,On Time,Male,3.0>
A,On Time,Male,3.0>
A,On Time,Male,3.0>
A,On Time,Male,3.0>
A,On Time,Male,3.0>
A,On Time,Male,3.0>
A,On Time,Male,3.0>
A,On Time,Male,3.0>
A,On Time,Male,3.0>
A,On Time,Male,3.0>
A,On Time,Male,3.0>
A,On Time,Male,3.0>
A,On Time,Male,3.0>
A,On Time,Male,3.0>
A,On Time,Male,3.0>
A,On Time,Male,3.0>
A,On Time,Male,3.0>
A,On Time,Male,3.0>
A,On Time,Male,3.0>
A,On Time,Male,3.0>
A,On Time,Male,3.0>
A,On Time,Male,3.0>
A,On Time,Male,3.0>
A,On Time,Male,3.0>
A,On Time,Male,3.0>
A,On Time,Male,3.0>
A,On Time,Male,3.0>
A,On Time,Male,3.0>
A,On Time,Male,3.0>
A,On Time,Male,3.0>
A,On Time,Male,3.0>
A,On Time,Male,3.0>
A,On Time,Male,3.0>
A,On Time,Male,3.0>
A,On Time,Male,3.0>
A,On Time,Male,3.0>
A,On Time,Male,3.0>
A,On Time,Male,3.0>
A,On Time,Male,3.0>
A,On Time,Male,2.5>
A,On Time,Male,2.5>
A,On Time,Male,2.5>
A,On Time,Male,2.5>
A,On Time,Male,2.5>
A,On Time,Male,2.5>
A,On Time,Male,2.5>
A,On Time,Male,2.5>
A,On Time,Male,2.5>
A,On Time,Male,2.5>
A,On Time,Male,2.5>
A,On Time,Male,2.5>
A,On Time,Male,2.5>
A,On Time,Male,2.5>
A,On Time,Male,2.5>
A,On Time,Male,2.5>
A,On Time,Male,2.5>
A,On Time,Male,2.5>
A,On Time,Male,2.5>
A,On Time,Male,2.5>
A,On Time,Male,2.5>
A,On Time,Male,2.5>
A,On Time,Male,2.5>
A,On Time,Male,2.5>
A,On Time,Male,2.5>
A,On Time,Male,2.5>
A,On Time,Male,2.5>
A,On Time,Male,2.5>
A,On Time,Male,2.5>
A,On Time,Male,2.5>
A,On Time,Male,2.5>
A,On Time,Male,2.5>
A,On Time,Male,2.5>
A,On Time,Male,2.5>
A,On Time,Male,2.5>
A,On Time,Male,2.5>
A,On Time,Male,2.5>
A,On Time,Male,2.5>
A,On Time,Male,2.5>
A,On Time,Male,2.5>
A,On Time,Male,2.5>
A,On Time,Male,2.5>
A,On Time,Male,2.5>
A,On Time,Male,2.5>
A,On Time,Male,2.5>
A,On Time,Male,2.5>
A,On Time,Male,2.5>
A,On Time,Male,2.5>
A,On Time,Male,2.5>
A,On Time,Male,2.5>
A,On Time,Male,2.5>
A,On Time,Male,2.5>
A,On Time,Male,2.5>
A,On Time,Male,2.5>
A,On Time,Male,2.5>
A,On Time,Male,2.5>
A,On Time,Male,2.5>
A,On Time,Male,2.5>
A,On Time,Male,2.5>
A,On Time,Male,2.5>
A,On Time,Male,2.5>
A,On Time,Male,2.5>
A,On Time,Male,2.5>
A,On Time,Male,2.5>
A,On Time,Male,2.5>
A,On Time,Male,2.5>
A,On Time,Male,2.5>
A,On Time,Male,2.5>
A,On Time,Male,2.5>
A,On Time,Male,2.5>
A,On Time,Male,2.5>
A,On Time,Male,2.5>
A,On Time,Male,2.5>
A,On Time,Male,2.5>
A,On Time,Male,2.5>
A,On Time,Male,2.5>
A,On Time,Male,2.5>
A,On Time,Male,2.5>
A,On Time,Male,2.5>
A,On Time,Male,2.5>
A,On Time,Male,2.5>
A,On Time,Male,2.5>
A,On Time,Male,2.5>
A,On Time,Male,2.5>
A,On Time,Male,2.5>
A,On Time,Male,2.5>
A,On Time,Male,2.5>
A,On Time,Male,2.5>
A,On Time,Male,2.5>
A,On Time,Male,2.5>
A,On Time,Male,2.5>
A,On Time,Male,2.5>
A,On Time,Male,2.5>
A,On Time,Male,2.5>
A,On Time,Male,2.5>
A,On Time,Male,2.5>
A,On Time,Male,2.5>
A,On Time,Male,2.5>
A,On Time,Male,2.5>
A,On Time,Male,2.5>
A,On Time,Male,2.5>
A,On Time,Male,2.5>
A,On Time,Male,2.5>
A,On Time,Male,2.5>
A,On Time,Male,2.5>
A,On Time,Male,2.5>
A,On Time,Male,2.5>
A,On Time,Male,2.5>
A,On Time,Male,2.5>
A,On Time,Male,2.5>
A,On Time,Male,2.5>
A,On Time,Male,2.5>
A,On Time,Male,2.5>
A,On Time,Male,2.5>
A,On Time,Male,2.5>
A,On Time,Male,2.5>
A,On Time,Male,2.5>
A,On Time,Male,2.5>
A,On Time,Female,3.0>
A,On Time,Female,3.0>
A,On Time,Female,3.0>
A,On Time,Female,3.0>
A,On Time,Female,3.0>
A,On Time,Female,3.0>
A,On Time,Female,3.0>
A,On Time,Female,3.0>
A,On Time,Female,3.0>
A,On Time,Female,3.0>
A,On Time,Female,3.0>
A,On Time,Female,3.0>
A,On Time,Female,3.0>
A,On Time,Female,3.0>
A,On Time,Female,3.0>
A,On Time,Female,3.0>
A,On Time,Female,3.0>
A,On Time,Female,3.0>
A,On Time,Female,3.0>
A,On Time,Female,3.0>
A,On Time,Female,3.0>
A,On Time,Female,3.0>
A,On Time,Female,3.0>
A,On Time,Female,3.0>
A,On Time,Female,3.0>
A,On Time,Female,3.0>
A,On Time,Female,3.0>
A,On Time,Female,3.0>
A,On Time,Female,3.0>
A,On Time,Female,3.0>
A,On Time,Female,3.0>
A,On Time,Female,3.0>
A,On Time,Female,3.0>
A,On Time,Female,3.0>
A,On Time,Female,3.0>
A,On Time,Female,3.0>
A,On Time,Female,3.0>
A,On Time,Female,3.0>
A,On Time,Female,3.0>
A,On Time,Female,3.0>
A,On Time,Female,3.0>
A,On Time,Female,3.0>
A,On Time,Female,3.0>
A,On Time,Female,3.0>
A,On Time,Female,3.0>
A,On Time,Female,3.0>
A,On Time,Female,3.5>
A,On Time,Female,3.5>
A,On Time,Female,3.5>
A,On Time,Female,3.5>
A,On Time,Female,3.5>
A,On Time,Female,3.5>
A,On Time,Female,3.5>
A,On Time,Female,3.5>
A,On Time,Female,3.5>
A,On Time,Female,3.5>
A,On Time,Female,3.5>
A,On Time,Female,3.5>
A,On Time,Female,3.5>
A,On Time,Female,3.5>
A,On Time,Female,3.5>
A,On Time,Female,3.5>
A,On Time,Female,3.5>
A,On Time,Female,3.5>
A,On Time,Female,3.5>
A,On Time,Female,3.5>
A,On Time,Female,3.5>
A,On Time,Female,3.5>
A,On Time,Female,3.5>
A,On Time,Female,3.5>
A,On Time,Female,3.5>
A,On Time,Female,3.5>
A,On Time,Female,3.5>
A,On Time,Female,3.5>
A,On Time,Female,3.5>
A,On Time,Female,3.5>
A,On Time,Female,3.5>
A,On Time,Female,3.5>
A,On Time,Female,3.5>
A,On Time,Female,3.5>
A,On Time,Female,3.5>
A,On Time,Female,3.5>
A,On Time,Female,3.5>
A,On Time,Female,3.5>
A,On Time,Female,3.5>
A,On Time,Female,3.5>
A,On Time,Female,3.5>
A,On Time,Female,3.5>
A,On Time,Female,3.5>
A,On Time,Female,3.5>
A,On Time,Female,3.5>
A,On Time,Female,3.5>
A,On Time,Female,3.5>
A,On Time,Female,3.5>
A,On Time,Female,3.5>
A,On Time,Female,3.5>
A,On Time,Female,3.5>
A,On Time,Female,3.5>
A,On Time,Female,3.5>
A,On Time,Female,3.5>
A,On Time,Female,3.5>
A,On Time,Female,3.5>
A,On Time,Female,3.5>
A,On Time,Female,3.5>
A,On Time,Female,3.5>
A,On Time,Female,3.5>
A,On Time,Female,3.5>
A,On Time,Female,3.5>
A,On Time,Female,3.5>
A,On Time,Female,3.5>
A,On Time,Female,3.5>
A,On Time,Female,3.5>
A,On Time,Female,3.5>
A,On Time,Female,3.5>
A,On Time,Female,3.5>
A,On Time,Female,3.5>
A,On Time,Female,3.5>
A,On Time,Female,3.5>
A,On Time,Female,3.5>
A,On Time,Female,3.5>
A,On Time,Female,3.5>
A,On Time,Female,3.5>
A,On Time,Female,3.5>
A,On Time,Female,3.5>
A,On Time,Female,3.5>
A,On Time,Female,3.5>
A,On Time,Female,3.5>
A,On Time,Female,3.5>
A,On Time,Female,3.5>
A,On Time,Female,3.5>
A,On Time,Female,3.5>
A,On Time,Female,3.5>
A,On Time,Female,3.5>
A,On Time,Female,3.5>
A,On Time,Female,3.5>
A,On Time,Female,3.5>
A,On Time,Female,3.5>
A,On Time,Female,3.5>
A,On Time,Female,2.0>
A,On Time,Female,2.0>
A,On Time,Female,2.5>
A,On Time,Female,2.5>
A,On Time,Female,2.5>
A,On Time,Female,2.5>
A,Late,Male,2.0>
A,Late,Male,2.0>
A,Late,Male,2.0>
A,Late,Male,2.0>
A,Late,Male,2.0>
A,Late,Female,2.0>
B,On Time,Male,2.0>
B,On Time,Male,2.0>
B,On Time,Male,2.0>
B,On Time,Male,2.0>
B,On Time,Male,2.0>
B,On Time,Male,2.0>
B,On Time,Male,2.0>
B,On Time,Male,2.0>
B,On Time,Male,2.0>
B,On Time,Male,2.0>
B,On Time,Male,2.0>
B,On Time,Male,2.0>
B,On Time,Male,2.0>
B,On Time,Male,2.5>
B,On Time,Male,2.5>
B,On Time,Male,2.5>
C,On Time,Male,2.5>
C,On Time,Male,2.5>
C,On Time,Male,2.5>
C,On Time,Male,2.5>
C,On Time,Male,2.5>
C,On Time,Male,2.5>
C,On Time,Male,2.5>
C,On Time,Male,2.5>
C,On Time,Male,2.5>
C,On Time,Male,2.5>
C,On Time,Male,2.5>
C,On Time,Male,2.5>
C,On Time,Male,2.5>
C,On Time,Male,2.5>
C,On Time,Male,2.5>
C,On Time,Male,2.5>
C,On Time,Male,2.5>
C,On Time,Male,2.5>
C,On Time,Male,2.5>
C,On Time,Male,2.5>
C,On Time,Male,2.5>
C,On Time,Male,2.5>
C,On Time,Male,2.5>
C,On Time,Male,2.5>
C,On Time,Male,2.5>
C,On Time,Male,2.5>
C,On Time,Male,2.5>
C,On Time,Male,2.5>
C,On Time,Male,2.5>
C,On Time,Male,2.5>
C,On Time,Male,2.5>
C,On Time,Male,2.5>
D,On Time,Male,2.5>
D,On Time,Male,2.5>
D,On Time,Male,2.5>
D,On Time,Male,2.5>
D,On Time,Male,2.5>
D,On Time,Male,2.5>
D,On Time,Male,2.5>
D,On Time,Male,2.5>
D,On Time,Male,2.5>
D,On Time,Male,2.5>
D,On Time,Male,2.5>
D,On Time,Male,2.5>
D,On Time,Male,2.5>
D,On Time,Male,2.5>
D,On Time,Male,2.5>
D,On Time,Male,2.5>
D,On Time,Male,2.5>
D,On Time,Male,2.5>
D,On Time,Male,2.5>
D,On Time,Male,2.5>
D,On Time,Male,2.5>
D,On Time,Male,2.5>
D,On Time,Male,2.5>
D,On Time,Male,2.5>
D,On Time,Male,2.5>
D,On Time,Male,2.5>
D,On Time,Male,2.5>
D,On Time,Male,2.5>
D,On Time,Male,2.5>
D,On Time,Male,2.5>
D,On Time,Male,2.5>
D,On Time,Male,2.5>
D,On Time,Male,2.5>
D,On Time,Male,2.5>
D,On Time,Male,2.5>
D,On Time,Male,2.5>
D,On Time,Male,2.5>
D,On Time,Male,2.5>
D,On Time,Male,2.5>
D,On Time,Male,2.5>
D,On Time,Male,2.5>
D,On Time,Male,2.5>
D,On Time,Male,2.5>
D,On Time,Male,2.5>
D,On Time,Male,2.5>
D,On Time,Male,2.5>
D,On Time,Male,2.5>
D,On Time,Male,2.5>
D,On Time,Male,2.5>
D,On Time,Male,2.5>
D,On Time,Male,2.5>
D,On Time,Male,2.5>
D,On Time,Male,2.5>
D,On Time,Male,2.5>
D,On Time,Male,2.5>
D,On Time,Male,2.5>
D,On Time,Male,2.5>
D,On Time,Male,2.5>
D,On Time,Male,2.5>
D,On Time,Male,2.5>
D,On Time,Male,2.5>
D,On Time,Male,2.5>
D,On Time,Male,2.5>
D,On Time,Male,2.5>
D,On Time,Male,2.5>
D,On Time,Male,2.5>
D,On Time,Male,2.5>
D,On Time,Male,2.5>
D,On Time,Male,2.5>
D,On Time,Male,2.5>
D,On Time,Male,2.5>
D,On Time,Male,2.5>
D,On Time,Male,2.5>
D,On Time,Male,2.5>
D,On Time,Male,2.5>
D,On Time,Male,2.5>
D,On Time,Male,2.5>
D,On Time,Male,2.5>
D,On Time,Male,2.5>
D,On Time,Male,2.5>
D,On Time,Male,2.5>
D,On Time,Male,2.5>
D,On Time,Male,2.5>
D,On Time,Male,2.5>
D,On Time,Male,2.5>
D,On Time,Male,2.5>
D,On Time,Male,2.5>
D,On Time,Male,2.5>
D,On Time,Male,2.5>
D,On Time,Male,2.5>
D,On Time,Male,2.5>
D,On Time,Male,2.5>
D,On Time,Male,2.5>
D,On Time,Male,2.5>
D,On Time,Male,2.5>
D,On Time,Male,2.5>
D,On Time,Male,2.5>
D,On Time,Male,2.5>
D,On Time,Male,2.5>
D,On Time,Male,2.5>
D,On Time,Male,2.5>
D,On Time,Male,2.5>
D,On Time,Male,2.5>
D,On Time,Male,2.5>
D,On Time,Male,2.5>
D,On Time,Male,2.5>
D,On Time,Male,2.5>
D,On Time,Male,2.5>
D,On Time,Male,2.5>
D,On Time,Male,2.5>
D,On Time,Male,2.5>
D,On Time,Male,2.5>
D,On Time,Male,2.5>
D,On Time,Male,2.5>
D,On Time,Male,2.5>
D,On Time,Male,2.5>
D,On Time,Male,2.5>
D,On Time,Male,2.5>
D,On Time,Male,2.5>
D,On Time,Female,2.0>
D,On Time,Female,2.0>
D,On Time,Female,2.0>
D,On Time,Female,2.0>
D,On Time,Female,2.0>
D,On Time,Female,2.0>
D,On Time,Female,2.0>
D,On Time,Female,2.0>
D,On Time,Female,2.0>
D,On Time,Female,2.0>
D,On Time,Female,2.0>
D,On Time,Female,2.0>
D,On Time,Female,2.0>
D,On Time,Female,2.0>
D,On Time,Female,2.0>
D,On Time,Female,2.0>
D,On Time,Female,2.0>
D,On Time,Female,2.0>
D,On Time,Female,2.0>
D,On Time,Female,2.0>
D,On Time,Female,2.0>
D,On Time,Female,2.0>
D,On Time,Female,2.0>
D,On Time,Female,2.0>
D,On Time,Female,2.0>
D,On Time,Female,2.0>
D,On Time,Female,2.0>
D,On Time,Female,2.0>
D,On Time,Female,2.0>
D,On Time,Female,2.0>
D,On Time,Female,2.0>
D,On Time,Female,2.0>
D,On Time,Female,2.0>
D,On Time,Female,2.0>
D,On Time,Female,2.0>
D,On Time,Female,2.0>
D,On Time,Female,2.0>
D,On Time,Female,2.0>
D,On Time,Female,2.0>
D,On Time,Female,2.0>
D,On Time,Female,2.0>
D,On Time,Female,2.0>
D,On Time,Female,2.0>
D,On Time,Female,2.0>
D,On Time,Female,2.0>
D,On Time,Female,2.0>
D,On Time,Female,2.0>
D,On Time,Female,2.0>
D,On Time,Female,2.0>
D,On Time,Female,2.0>
D,On Time,Female,2.0>
D,On Time,Female,2.0>
D,On Time,Female,2.0>
D,On Time,Female,2.0>
D,On Time,Female,2.0>
D,On Time,Female,2.0>
D,On Time,Female,2.0>
D,On Time,Female,2.0>
D,On Time,Female,2.0>
D,On Time,Female,2.0>
D,On Time,Female,2.0>
D,On Time,Female,2.0>
D,On Time,Female,2.0>
D,On Time,Female,2.0>
D,On Time,Female,2.0>
D,On Time,Female,2.0>
D,On Time,Female,2.0>
D,On Time,Female,2.0>
D,On Time,Female,2.0>
D,On Time,Female,2.0>
D,On Time,Female,2.0>
D,On Time,Female,2.0>
D,On Time,Female,2.0>
D,On Time,Female,2.0>
D,On Time,Female,2.0>
D,On Time,Female,2.0>
D,On Time,Female,2.0>
D,On Time,Female,2.0>
D,On Time,Female,2.0>
D,On Time,Female,2.0>
D,On Time,Female,2.5>
D,On Time,Female,2.5>
D,On Time,Female,2.5>
D,On Time,Female,2.5>
D,On Time,Female,2.5>
D,On Time,Female,2.5>
D,On Time,Female,2.5>
D,On Time,Female,2.5>
D,On Time,Female,2.5>
D,On Time,Female,2.5>
D,On Time,Female,2.5>
D,On Time,Female,2.5>
D,On Time,Female,2.5>
D,Late,Male,2.0>
D,Late,Male,2.0>
D,Late,Male,2.0>
D,Late,Male,2.0>
D,Late,Male,2.0>
D,Late,Male,2.0>
D,Late,Male,2.0>
D,Late,Male,2.0>
D,Late,Male,2.0>
D,Late,Male,2.0>
D,Late,Male,2.0>
D,Late,Female,2.0>
D,Late,Female,2.0>
D,Late,Female,2.0>
D,Late,Female,2.0>
D,Late,Female,2.0>
D,Late,Female,2.0>
D,Late,Female,2.0>
D,Late,Female,2.0>
D,Late,Female,2.0>
D,Late,Female,2.0>
D,Late,Female,2.0>
D,Late,Female,2.0>
D,Late,Female,2.0>
B,On Time,Male,2.0>
B,On Time,Male,2.0>
B,On Time,Male,2.0>
B,On Time,Male,2.0>
B,On Time,Male,2.0>
B,On Time,Male,2.0>
B,On Time,Male,2.0>
B,On Time,Male,2.0>
B,On Time,Male,2.0>
B,On Time,Male,2.0>
B,On Time,Male,2.0>
B,On Time,Male,2.0>
B,On Time,Male,2.0>
B,On Time,Male,2.0>
B,On Time,Male,2.0>
B,On Time,Male,2.0>
B,On Time,Male,2.0>
B,On Time,Male,2.0>
B,On Time,Male,2.0>
B,On Time,Male,2.0>
B,On Time,Male,2.0>
B,On Time,Male,2.0>
B,On Time,Male,2.0>
B,On Time,Male,2.0>
B,On Time,Male,2.0>
B,On Time,Male,2.0>
B,On Time,Male,2.0>
B,On Time,Male,2.0>
B,On Time,Male,2.0>
B,On Time,Male,2.0>
B,On Time,Male,2.0>
B,On Time,Male,2.0>
B,On Time,Male,2.0>
B,On Time,Male,2.0>
B,On Time,Male,2.0>
B,On Time,Male,2.0>
B,On Time,Male,2.0>
B,On Time,Male,2.0>
B,On Time,Male,2.0>
B,On Time,Male,2.0>
B,On Time,Male,2.0>
B,On Time,Male,2.0>
B,On Time,Male,2.0>
B,On Time,Male,2.0>
B,On Time,Male,2.0>
B,On Time,Male,2.0>
B,On Time,Male,2.0>
B,On Time,Male,2.0>
B,On Time,Male,2.0>
B,On Time,Male,2.0>
B,On Time,Male,2.0>
B,On Time,Male,2.0>
B,On Time,Male,2.0>
B,On Time,Male,2.0>
B,On Time,Male,2.0>
B,On Time,Male,2.0>
B,On Time,Male,2.0>
B,On Time,Male,2.0>
B,On Time,Male,2.0>
B,On Time,Male,2.0>
B,On Time,Male,2.0>
B,On Time,Male,2.0>
B,On Time,Male,2.0>
B,On Time,Male,2.0>
B,On Time,Male,2.0>
B,On Time,Male,2.0>
B,On Time,Male,2.0>
B,On Time,Male,2.0>
B,On Time,Male,2.0>
B,On Time,Male,2.0>
B,On Time,Male,2.0>
B,On Time,Male,2.0>
B,On Time,Male,2.0>
B,On Time,Male,2.0>
B,On Time,Male,2.0>
B,On Time,Male,2.5>
B,On Time,Male,2.5>
B,On Time,Male,2.5>
B,On Time,Male,2.5>
B,On Time,Male,2.5>
B,On Time,Male,2.5>
B,On Time,Male,2.5>
B,On Time,Male,2.5>
B,On Time,Male,2.5>
B,On Time,Male,2.5>
B,On Time,Male,2.5>
B,On Time,Male,2.5>
B,On Time,Male,2.5>
B,On Time,Male,2.5>
B,On Time,Male,2.5>
B,On Time,Male,2.5>
B,On Time,Male,2.5>
B,On Time,Male,2.5>
B,On Time,Male,2.5>
B,On Time,Male,2.5>
B,On Time,Male,2.5>
B,On Time,Male,2.5>
B,On Time,Male,2.5>
B,On Time,Male,2.5>
B,On Time,Male,2.5>
B,On Time,Male,2.5>
B,On Time,Male,2.5>
B,On Time,Male,2.5>
B,On Time,Male,2.5>
B,On Time,Male,2.5>
B,On Time,Male,2.5>
B,On Time,Male,2.5>
B,On Time,Male,2.5>
B,On Time,Male,2.5>
B,On Time,Male,2.5>
B,On Time,Male,2.5>
B,On Time,Male,2.5>
B,On Time,Male,2.5>
B,On Time,Male,2.5>
B,On Time,Male,2.5>
B,On Time,Male,2.5>
B,On Time,Male,2.5>
B,On Time,Male,2.5>
B,On Time,Male,2.5>
B,On Time,Male,2.5>
B,On Time,Male,2.5>
B,On Time,Male,2.5>
B,On Time,Male,2.5>
B,On Time,Male,2.5>
B,On Time,Male,2.5>
B,On Time,Male,2.5>
B,On Time,Male,2.5>
B,On Time,Male,2.5>
B,On Time,Male,2.5>
B,On Time,Male,2.5>
B,On Time,Male,2.5>
B,On Time,Male,2.5>
B,On Time,Male,2.5>
B,On Time,Male,2.5>
B,On Time,Male,2.5>
B,On Time,Male,2.5>
B,On Time,Male,2.5>
B,On Time,Male,2.5>
B,On Time,Male,2.5>
B,On Time,Male,2.5>
B,On Time,Male,2.5>
B,On Time,Male,2.5>
B,On Time,Male,2.5>
B,On Time,Male,2.5>
B,On Time,Male,2.5>
B,On Time,Male,2.5>
B,On Time,Male,2.5>
B,On Time,Male,2.5>
B,On Time,Male,2.5>
B,On Time,Male,2.5>
B,On Time,Male,2.5>
B,On Time,Male,2.5>
B,On Time,Male,2.5>
B,On Time,Male,2.5>
B,On Time,Male,2.5>
B,On Time,Male,2.5>
B,On Time,Male,2.5>
B,On Time,Male,2.5>
B,On Time,Male,2.5>
B,On Time,Male,2.5>
B,On Time,Male,2.5>
B,On Time,Male,2.5>
B,On Time,Male,2.5>
B,On Time,Male,2.5>
B,On Time,Male,2.5>
B,On Time,Male,2.5>
B,On Time,Male,2.5>
B,On Time,Male,2.5>
B,On Time,Male,2.5>
B,On Time,Male,2.5>
B,On Time,Male,2.5>
B,On Time,Male,2.5>
B,On Time,Male,2.5>
B,On Time,Male,2.5>
B,On Time,Male,2.5>
B,On Time,Male,2.5>
B,On Time,Male,2.5>
B,On Time,Male,2.5>
B,On Time,Male,2.5>
B,On Time,Male,2.5>
B,On Time,Male,2.5>
B,On Time,Male,2.5>
B,On Time,Male,2.5>
B,On Time,Male,2.5>
B,On Time,Male,2.5>
B,On Time,Male,2.5>
B,On Time,Male,2.5>
B,On Time,Male,2.5>
B,On Time,Male,2.5>
B,On Time,Male,2.5>
B,On Time,Male,2.5>
B,On Time,Male,2.5>
B,On Time,Male,2.5>
B,On Time,Male,2.5>
B,On Time,Male,2.5>
B,On Time,Male,2.5>
B,On Time,Male,2.5>
B,On Time,Male,2.5>
B,On Time,Male,2.5>
B,On Time,Male,2.5>
B,On Time,Male,2.5>
B,On Time,Male,2.5>
B,On Time,Male,2.5>
B,On Time,Male,2.5>
B,On Time,Male,2.5>
B,On Time,Male,2.5>
B,On Time,Male,2.5>
B,On Time,Male,2.5>
B,On Time,Male,2.5>
B,On Time,Male,2.5>
B,On Time,Male,2.5>
B,On Time,Male,2.5>
B,On Time,Male,2.5>
B,On Time,Male,2.5>
B,On Time,Male,2.5>
B,On Time,Male,2.5>
B,On Time,Male,2.5>
B,On Time,Male,2.5>
B,On Time,Male,2.5>
B,On Time,Male,2.5>
B,On Time,Male,2.5>
B,On Time,Male,2.5>
B,On Time,Male,2.5>
B,On Time,Male,2.5>
B,On Time,Male,2.5>
B,On Time,Male,2.5>
B,On Time,Male,2.5>
B,On Time,Male,2.5>
B,On Time,Male,2.5>
B,On Time,Male,2.5>
B,On Time,Male,2.5>
B,On Time,Male,2.5>
B,On Time,Male,2.5>
B,On Time,Male,2.5>
B,On Time,Male,2.5>
B,On Time,Male,2.5>
B,On Time,Male,2.5>
B,On Time,Male,2.5>
B,On Time,Male,2.5>
B,On Time,Male,2.5>
B,On Time,Male,2.5>
B,On Time,Male,2.5>
B,On Time,Male,2.5>
B,On Time,Male,2.5>
B,On Time,Male,2.5>
B,On Time,Male,2.5>
B,On Time,Male,2.5>
B,On Time,Male,2.5>
B,On Time,Male,2.5>
B,On Time,Male,2.5>
B,On Time,Male,2.5>
B,On Time,Male,2.5>
B,On Time,Male,2.5>
B,On Time,Male,2.5>
B,On Time,Male,2.5>
B,On Time,Male,2.5>
B,On Time,Male,2.5>
B,On Time,Male,2.5>
B,On Time,Male,2.5>
B,On Time,Male,2.5>
B,On Time,Male,2.5>
B,On Time,Male,2.5>
B,On Time,Male,2.5>
B,On Time,Male,2.5>
B,On Time,Male,2.5>
B,On Time,Male,2.5>
B,On Time,Male,2.5>
B,On Time,Male,2.5>
B,On Time,Male,2.5>
B,On Time,Male,2.5>
B,On Time,Male,2.5>
B,On Time,Male,2.5>
B,On Time,Male,2.5>
B,On Time,Male,2.5>
B,On Time,Male,2.5>
B,On Time,Male,2.5>
B,On Time,Male,2.5>
B,On Time,Male,2.5>
B,On Time,Male,2.5>
B,On Time,Male,2.5>
B,On Time,Male,2.5>
B,On Time,Male,2.5>
B,On Time,Male,2.5>
B,On Time,Male,2.5>
B,On Time,Male,2.5>
B,On Time,Male,2.5>
B,On Time,Male,2.5>
B,On Time,Male,2.5>
B,On Time,Male,2.5>
B,On Time,Male,2.5>
B,On Time,Male,2.5>
B,On Time,Male,2.5>
B,On Time,Male,2.5>
B,On Time,Male,2.5>
B,On Time,Male,2.5>
B,On Time,Male,2.5>
B,On Time,Male,2.5>
B,On Time,Male,2.5>
B,On Time,Male,2.5>
B,On Time,Male,2.5>
B,On Time,Male,2.5>
B,On Time,Male,2.5>
B,On Time,Male,2.5>
B,On Time,Male,2.5>
B,On Time,Male,2.5>
B,On Time,Male,2.5>
B,On Time,Male,2.5>
B,On Time,Male,2.5>
B,On Time,Male,2.5>
B,On Time,Male,2.5>
B,On Time,Male,2.5>
B,On Time,Male,2.5>
B,On Time,Male,2.5>
B,On Time,Male,2.5>
B,On Time,Male,2.5>
B,On Time,Male,2.5>
B,On Time,Male,2.5>
B,On Time,Male,2.5>
B,On Time,Male,2.5>
B,On Time,Male,2.5>
B,On Time,Male,2.5>
B,On Time,Male,2.5>
B,On Time,Male,2.5>
B,On Time,Male,2.5>
B,On Time,Male,2.5>
B,On Time,Male,2.5>
B,On Time,Male,2.5>
B,On Time,Male,2.5>
B,On Time,Male,2.5>
B,On Time,Male,2.5>
B,On Time,Male,2.5>
B,On Time,Male,2.5>
B,On Time,Male,2.5>
B,On Time,Male,2.5>
B,On Time,Male,2.5>
B,On Time,Male,2.5>
B,On Time,Male,2.5>
B,On Time,Male,2.5>
B,On Time,Male,2.5>
B,On Time,Male,2.5>
B,On Time,Male,2.5>
B,On Time,Male,2.5>
B,On Time,Male,2.5>
B,On Time,Male,2.5>
B,On Time,Male,2.5>
B,On Time,Male,2.5>
B,On Time,Male,2.5>
B,On Time,Male,2.5>
B,On Time,Male,2.5>
B,On Time,Male,2.5>
B,On Time,Male,2.5>
B,On Time,Male,2.5>
B,On Time,Male,2.5>
B,On Time,Male,2.5>
B,On Time,Male,2.5>
B,On Time,Male,2.5>
B,On Time,Male,2.5>
B,On Time,Male,2.5>
B,On Time,Male,2.5>
B,On Time,Male,2.5>
B,On Time,Male,2.5>
B,On Time,Male,2.5>
B,On Time,Male,2.5>
B,On Time,Male,2.5>
B,On Time,Male,2.5>
B,On Time,Male,2.5>
B,On Time,Male,2.5>
B,On Time,Male,2.5>
B,On Time,Male,2.5>
B,On Time,Male,2.5>
B,On Time,Male,2.5>
B,On Time,Male,2.5>
B,On Time,Male,2.5>
B,On Time,Male,2.5>
B,On Time,Male,2.5>
B,On Time,Male,2.5>
B,On Time,Male,2.5>
B,On Time,Male,2.5>
B,On Time,Male,2.5>
B,On Time,Male,2.5>
B,On Time,Male,2.5>
B,On Time,Male,2.5>
B,On Time,Male,2.5>
B,On Time,Male,2.5>
B,On Time,Male,2.5>
B,On Time,Male,2.5>
B,On Time,Male,2.5>
B,On Time,Male,2.5>
B,On Time,Male,2.5>
B,On Time,Male,2.5>
B,On Time,Male,2.5>
B,On Time,Male,2.5>
B,On Time,Male,2.5>
B,On Time,Male,2.5>
B,On Time,Male,2.5>
B,On Time,Male,2.5>
B,On Time,Male,2.5>
B,On Time,Male,2.5>
B,On Time,Male,2.5>
B,On Time,Male,2.5>
B,On Time,Male,2.5>
B,On Time,Male,2.5>
B,On Time,Male,2.5>
B,On Time,Male,2.5>
B,On Time,Male,2.5>
B,On Time,Male,2.5>
B,On Time,Male,2.5>
B,On Time,Male,2.5>
B,On Time,Male,2.5>
B,On Time,Male,2.5>
B,On Time,Male,2.5>
B,On Time,Male,2.5>
B,On Time,Male,2.5>
B,On Time,Male,2.5>
B,On Time,Male,2.5>
B,On Time,Male,2.5>
B,On Time,Male,2.5>
B,On Time,Male,2.5>
B,On Time,Male,2.5>
B,On Time,Male,2.5>
B,On Time,Male,2.5>
B,On Time,Male,2.5>
B,On Time,Male,2.5>
B,On Time,Male,2.5>
B,On Time,Male,2.5>
B,On Time,Male,2.5>
B,On Time,Male,2.5>
B,On Time,Male,2.5>
B,On Time,Male,2.5>
B,On Time,Male,2.5>
B,On Time,Male,2.5>
B,On Time,Male,2.5>
B,On Time,Male,2.5>
B,On Time,Male,2.5>
B,On Time,Male,2.5>
B,On Time,Male,2.5>
B,On Time,Male,2.5>
B,On Time,Male,2.5>
B,On Time,Male,2.5>
B,On Time,Male,2.5>
B,On Time,Male,2.5>
B,On Time,Male,2.5>
B,On Time,Male,2.5>
B,On Time,Male,2.5>
B,On Time,Male,2.5>
B,On Time,Male,2.5>
B,On Time,Male,2.5>
B,On Time,Male,2.5>
B,On Time,Male,2.5>
B,On Time,Male,2.5>
B,On Time,Male,2.5>
B,On Time,Male,2.5>
B,On Time,Male,2.5>
B,On Time,Male,2.5>
B,On Time,Male,2.5>
B,On Time,Male,2.5>
B,On Time,Male,2.5>
B,On Time,Male,2.5>
B,On Time,Male,2.5>
B,On Time,Male,2.5>
B,On Time,Male,2.5>
B,On Time,Male,2.5>
B,On Time,Female,2.0>
B,On Time,Female,2.0>
B,On Time,Female,2.0>
B,On Time,Female,2.0>
B,On Time,Female,2.0>
B,On Time,Female,2.0>
B,On Time,Female,2.0>
B,On Time,Female,2.0>
B,On Time,Female,2.0>
B,On Time,Female,2.0>
B,On Time,Female,2.0>
B,On Time,Female,2.0>
B,On Time,Female,2.0>
B,On Time,Female,2.0>
B,On Time,Female,2.0>
B,On Time,Female,2.0>
B,On Time,Female,2.0>
B,On Time,Female,2.0>
B,On Time,Female,2.0>
B,On Time,Female,2.0>
B,On Time,Female,2.0>
B,On Time,Female,2.0>
B,On Time,Female,2.0>
B,On Time,Female,2.0>
B,On Time,Female,2.0>
B,On Time,Female,2.0>
B,On Time,Female,2.0>
B,On Time,Female,2.0>
B,On Time,Female,2.0>
B,On Time,Female,2.0>
B,On Time,Female,2.0>
B,On Time,Female,2.0>
B,On Time,Female,2.0>
B,On Time,Female,2.0>
B,On Time,Female,2.0>
B,On Time,Female,2.0>
B,On Time,Female,2.0>
B,On Time,Female,2.0>
B,On Time,Female,2.0>
B,On Time,Female,2.0>
B,On Time,Female,2.0>
B,On Time,Female,2.0>
B,On Time,Female,2.0>
B,On Time,Female,2.0>
B,On Time,Female,2.0>
B,On Time,Female,2.0>
B,On Time,Female,2.0>
B,On Time,Female,2.0>
B,On Time,Female,2.0>
B,On Time,Female,2.0>
B,On Time,Female,2.0>
B,On Time,Female,2.0>
B,On Time,Female,2.0>
B,On Time,Female,2.0>
B,On Time,Female,2.0>
B,On Time,Female,2.0>
B,On Time,Female,2.0>
B,On Time,Female,2.0>
B,On Time,Female,2.0>
B,On Time,Female,2.0>
B,On Time,Female,2.0>
B,On Time,Female,2.0>
B,On Time,Female,2.0>
B,On Time,Female,2.0>
B,On Time,Female,2.0>
B,On Time,Female,2.0>
B,On Time,Female,2.0>
B,On Time,Female,2.0>
B,On Time,Female,2.0>
B,On Time,Female,2.0>
B,On Time,Female,2.0>
B,On Time,Female,2.0>
B,On Time,Female,2.0>
B,On Time,Female,2.0>
B,On Time,Female,2.0>
B,On Time,Female,2.0>
B,On Time,Female,2.5>
B,On Time,Female,2.5>
B,On Time,Female,2.5>
B,On Time,Female,2.5>
B,On Time,Female,2.5>
B,On Time,Female,2.5>
B,On Time,Female,2.5>
B,On Time,Female,2.5>
B,On Time,Female,2.5>
B,On Time,Female,2.5>
B,On Time,Female,2.5>
B,On Time,Female,2.5>
B,On Time,Female,2.5>
B,On Time,Female,2.5>
B,On Time,Female,2.5>
B,On Time,Female,2.5>
B,On Time,Female,2.5>
B,On Time,Female,2.5>
B,On Time,Female,2.5>
B,On Time,Female,2.5>
B,On Time,Female,2.5>
B,On Time,Female,2.5>
B,On Time,Female,2.5>
B,On Time,Female,2.5>
B,On Time,Female,2.5>
B,On Time,Female,2.5>
B,On Time,Female,2.5>
B,On Time,Female,2.5>
B,On Time,Female,2.5>
B,On Time,Female,2.5>
B,On Time,Female,2.5>
B,On Time,Female,2.5>
B,On Time,Female,2.5>
B,On Time,Female,2.5>
B,On Time,Female,2.5>
B,On Time,Female,2.5>
B,On Time,Female,2.5>
B,On Time,Female,2.5>
B,On Time,Female,2.5>
B,On Time,Female,2.5>
B,On Time,Female,2.5>
B,On Time,Female,2.5>
B,On Time,Female,2.5>
B,On Time,Female,2.5>
B,On Time,Female,2.5>
B,On Time,Female,2.5>
B,On Time,Female,2.5>
B,On Time,Female,2.5>
B,On Time,Female,2.5>
B,On Time,Female,2.5>
B,On Time,Female,2.5>
B,On Time,Female,2.5>
B,On Time,Female,2.5>
B,On Time,Female,2.5>
B,On Time,Female,2.5>
B,On Time,Female,2.5>
B,On Time,Female,2.5>
B,On Time,Female,2.5>
B,On Time,Female,2.5>
B,On Time,Female,2.5>
B,On Time,Female,2.5>
B,On Time,Female,2.5>
B,On Time,Female,2.5>
B,On Time,Female,2.5>
B,On Time,Female,2.5>
B,On Time,Female,2.5>
B,On Time,Female,2.5>
B,On Time,Female,2.5>
B,On Time,Female,2.5>
B,On Time,Female,2.5>
B,On Time,Female,2.5>
B,On Time,Female,2.5>
B,On Time,Female,2.5>
B,On Time,Female,2.5>
B,On Time,Female,2.5>
B,On Time,Female,2.5>
B,On Time,Female,2.5>
B,On Time,Female,2.5>
B,On Time,Female,2.5>
B,On Time,Female,2.5>
B,On Time,Female,2.5>
B,On Time,Female,2.5>
B,On Time,Female,2.5>
B,On Time,Female,2.5>
B,On Time,Female,2.5>
B,On Time,Female,2.5>
B,On Time,Female,2.5>
B,On Time,Female,2.5>
B,On Time,Female,2.5>
B,Late,Male,2.0>
B,Late,Male,2.0>
B,Late,Male,2.0>
B,Late,Male,2.0>
B,Late,Male,2.0>
B,Late,Male,2.0>
B,Late,Male,2.0>
B,Late,Male,2.0>
B,Late,Male,2.0>
B,Late,Male,2.0>
B,Late,Male,2.0>
B,Late,Male,2.0>
B,Late,Male,2.0>
B,Late,Male,2.5>
B,Late,Male,2.5>
B,Late,Male,2.5>
B,Late,Male,2.5>
B,Late,Male,2.5>
B,Late,Male,2.5>
B,Late,Male,2.5>
B,Late,Male,2.5>
B,Late,Male,2.5>
B,Late,Male,2.5>
B,Late,Male,2.5>
B,Late,Male,2.5>
B,Late,Male,2.5>
B,Late,Male,2.5>
B,Late,Male,2.5>
B,Late,Male,2.5>
B,Late,Male,2.5>
B,Late,Male,2.5>
B,Late,Male,2.5>
B,Late,Male,2.5>
B,Late,Male,2.5>
B,Late,Male,2.5>
B,Late,Male,2.5>
B,Late,Male,2.5>
B,Late,Male,2.5>
B,Late,Male,2.5>
B,Late,Male,2.5>
B,Late,Male,2.5>
B,Late,Male,2.5>
B,Late,Male,2.5>
B,Late,Male,2.5>
B,Late,Male,2.5>
B,Late,Male,2.5>
B,Late,Male,2.5>
B,Late,Male,2.5>
B,Late,Female,2.0>
B,Late,Female,2.0>
B,Late,Female,2.0>
B,Late,Female,2.0>
B,Late,Female,2.0>
B,Late,Female,2.0>
B,Late,Female,2.0>
B,Late,Female,2.0>
B,Late,Female,2.0>
B,Late,Female,2.0>
B,Late,Female,2.0>
B,Late,Female,2.0>
B,Late,Female,2.0>
B,Late,Female,2.0>
B,Late,Female,2.5>
B,Late,Female,2.5>
B,Late,Female,2.5>
B,Late,Female,2.5>
B,Late,Female,2.5>
B,Late,Female,2.5>
B,Late,Female,2.5>
B,Late,Female,2.5>
B,Late,Female,2.5>
B,Late,Female,2.5>
B,Late,Female,2.5>
B,Late,Female,2.5>
B,Late,Female,2.5>
B,Late,Female,2.5>
B,Late,Female,2.5>
B,Late,Female,2.5>
B,Late,Female,2.5>
F,On Time,Male,2.0>
F,On Time,Male,2.0>
F,On Time,Male,2.0>
F,On Time,Male,2.0>
F,On Time,Male,2.0>
F,On Time,Male,2.0>
F,On Time,Male,2.0>
F,On Time,Male,2.0>
F,On Time,Male,2.0>
F,On Time,Male,2.0>
F,On Time,Male,2.0>
F,On Time,Male,2.0>
F,On Time,Male,2.0>
F,On Time,Male,2.0>
F,On Time,Male,2.0>
F,On Time,Male,2.0>
F,On Time,Male,2.0>
F,On Time,Male,2.0>
F,On Time,Male,2.0>
F,On Time,Male,2.0>
F,On Time,Male,2.0>
F,On Time,Male,2.0>
F,On Time,Male,2.0>
F,On Time,Male,2.0>
F,On Time,Male,2.0>
F,On Time,Male,2.0>
F,On Time,Male,2.0>
F,On Time,Male,2.0>
F,On Time,Male,2.0>
F,On Time,Male,2.0>
F,On Time,Male,2.0>
F,On Time,Male,2.0>
F,On Time,Male,2.0>
F,On Time,Male,2.0>
F,On Time,Male,2.0>
F,On Time,Male,2.0>
F,On Time,Male,2.0>
F,On Time,Male,2.0>
F,On Time,Male,2.0>
F,On Time,Male,2.0>
F,On Time,Male,2.0>
F,On Time,Male,2.0>
F,On Time,Male,2.0>
F,On Time,Male,2.0>
F,On Time,Male,2.0>
F,On Time,Male,2.0>
F,On Time,Male,2.0>
F,On Time,Male,2.0>
F,On Time,Male,2.0>
F,On Time,Male,2.0>
F,On Time,Male,2.0>
F,On Time,Male,2.0>
F,On Time,Male,2.0>
F,On Time,Male,2.0>
F,On Time,Male,2.0>
F,On Time,Male,2.0>
B,On Time,Male,2.0>
B,On Time,Male,2.0>
B,On Time,Male,2.0>
C,On Time,Male,2.0>
C,On Time,Male,2.0>
C,On Time,Male,2.0>
C,On Time,Male,2.0>
C,On Time,Male,2.0>
C,On Time,Male,2.0>
C,On Time,Male,2.0>
C,On Time,Male,2.0>
C,On Time,Male,2.0>
C,On Time,Male,2.0>
C,On Time,Male,2.0>
C,On Time,Male,2.0>
C,On Time,Male,2.0>
C,On Time,Male,2.0>
C,On Time,Male,2.0>
C,On Time,Male,2.0>
C,On Time,Male,2.0>
C,On Time,Male,2.0>
C,On Time,Male,2.0>
C,On Time,Male,2.0>
C,On Time,Male,2.0>
C,On Time,Male,2.0>
C,On Time,Male,2.0>
C,On Time,Male,2.0>
C,On Time,Male,2.0>
C,On Time,Male,2.0>
C,On Time,Male,2.0>
C,On Time,Male,2.0>
C,On Time,Male,2.0>
C,On Time,Male,2.0>
C,On Time,Male,2.0>
C,On Time,Male,2.0>
C,On Time,Male,2.0>
C,On Time,Male,2.0>
C,On Time,Male,2.0>
C,On Time,Male,2.0>
C,On Time,Male,2.0>
C,On Time,Male,2.0>
C,On Time,Male,2.0>
C,On Time,Male,2.0>
C,On Time,Male,2.0>
C,On Time,Male,2.0>
C,On Time,Male,2.0>
C,On Time,Male,2.0>
C,On Time,Male,2.0>
C,On Time,Male,2.0>
C,On Time,Male,2.0>
C,On Time,Male,2.0>
C,On Time,Male,2.0>
C,On Time,Male,2.0>
C,On Time,Male,2.0>
C,On Time,Male,2.0>
C,On Time,Male,2.0>
C,On Time,Male,2.0>
C,On Time,Male,2.0>
C,On Time,Male,2.0>
C,On Time,Male,2.0>
C,On Time,Male,2.0>
C,On Time,Male,2.0>
C,On Time,Male,2.0>
C,On Time,Male,2.0>
C,On Time,Male,2.0>
C,On Time,Male,2.0>
C,On Time,Male,2.0>
C,On Time,Male,2.0>
C,On Time,Male,2.0>
C,On Time,Male,2.0>
C,On Time,Male,2.0>
C,On Time,Male,2.0>
C,On Time,Male,2.0>
C,On Time,Male,2.0>
C,On Time,Male,2.0>
C,On Time,Male,2.0>
C,On Time,Male,2.0>
C,On Time,Male,2.0>
C,On Time,Male,2.0>
C,On Time,Male,2.0>
C,On Time,Male,2.0>
B,On Time,Male,2.0>
B,On Time,Male,2.0>
B,On Time,Male,2.0>
B,On Time,Male,2.0>
B,On Time,Male,2.0>
B,On Time,Male,2.0>
B,On Time,Male,2.0>
B,On Time,Male,2.0>
B,On Time,Male,2.0>
B,On Time,Male,2.0>
B,On Time,Male,2.0>
B,On Time,Male,2.0>
B,On Time,Male,2.0>
B,On Time,Male,2.0>
B,On Time,Male,2.0>
B,On Time,Male,2.0>
B,On Time,Male,2.0>
B,On Time,Male,2.0>
B,On Time,Male,2.0>
B,On Time,Male,2.0>
B,On Time,Male,2.0>
B,On Time,Male,2.0>
B,On Time,Male,2.0>
B,On Time,Male,2.0>
B,On Time,Male,2.0>
B,On Time,Male,2.0>
B,On Time,Male,2.0>
B,On Time,Male,2.0>
B,On Time,Male,2.0>
B,On Time,Male,2.0>
B,On Time,Male,2.0>
B,On Time,Male,2.0>
B,On Time,Male,2.0>
B,On Time,Male,2.0>
B,On Time,Male,2.0>
B,On Time,Male,2.0>
B,On Time,Male,2.0>
B,On Time,Male,2.0>
B,On Time,Male,2.0>
B,On Time,Male,2.0>
B,On Time,Male,2.0>
B,On Time,Male,2.0>
B,On Time,Male,2.0>
B,On Time,Male,2.0>
B,On Time,Male,2.0>
B,On Time,Male,2.0>
B,On Time,Male,2.0>
B,On Time,Male,2.0>
B,On Time,Male,2.0>
B,On Time,Male,2.5>
B,On Time,Male,2.5>
B,On Time,Male,2.5>
B,On Time,Male,2.5>
B,On Time,Male,2.5>
B,On Time,Male,2.5>
B,On Time,Male,2.5>
B,On Time,Male,2.5>
B,On Time,Male,2.5>
B,On Time,Male,2.5>
B,On Time,Male,2.5>
B,On Time,Male,2.5>
B,On Time,Male,2.5>
B,On Time,Male,2.5>
B,On Time,Male,2.5>
B,On Time,Male,2.5>
B,On Time,Male,2.5>
B,On Time,Male,2.5>
B,On Time,Male,2.5>
B,On Time,Male,2.5>
B,On Time,Male,2.5>
B,On Time,Male,2.5>
B,On Time,Male,2.5>
B,On Time,Male,2.5>
B,On Time,Male,2.5>
B,On Time,Male,2.5>
B,On Time,Male,2.5>
B,On Time,Male,2.5>
B,On Time,Male,2.5>
B,On Time,Male,2.5>
B,On Time,Male,2.5>
B,On Time,Male,2.5>
B,On Time,Male,2.5>
B,On Time,Male,2.5>
B,On Time,Male,2.5>
B,On Time,Male,2.5>
B,On Time,Male,2.5>
B,On Time,Male,2.5>
B,On Time,Male,2.5>
B,On Time,Male,2.5>
B,On Time,Male,2.5>
B,On Time,Male,2.5>
B,On Time,Male,2.5>
B,On Time,Male,2.5>
B,On Time,Male,2.5>
B,On Time,Male,2.5>
B,On Time,Male,2.5>
B,On Time,Male,2.5>
B,On Time,Male,2.5>
B,On Time,Male,2.5>
B,On Time,Male,2.5>
B,On Time,Male,2.5>
B,On Time,Male,2.5>
B,On Time,Male,2.5>
B,On Time,Male,2.5>
B,On Time,Male,2.5>
B,On Time,Male,2.5>
B,On Time,Male,2.5>
B,On Time,Male,2.5>
B,On Time,Male,2.5>
B,On Time,Male,2.5>
B,On Time,Male,2.5>
B,On Time,Male,2.5>
B,On Time,Male,2.5>
B,On Time,Male,2.5>
B,On Time,Male,2.5>
B,On Time,Male,2.5>
B,On Time,Male,2.5>
B,On Time,Male,2.5>
B,On Time,Male,2.5>
B,On Time,Male,2.5>
B,On Time,Male,2.5>
B,On Time,Male,2.5>
B,On Time,Male,2.5>
B,On Time,Male,2.5>
B,On Time,Male,2.5>
B,On Time,Male,2.5>
B,On Time,Male,2.5>
B,On Time,Male,2.5>
B,On Time,Male,2.5>
B,On Time,Male,2.5>
B,On Time,Male,2.5>
B,On Time,Male,2.5>
B,On Time,Male,2.5>
B,On Time,Male,2.5>
B,On Time,Male,2.5>
B,On Time,Male,2.5>
B,On Time,Male,2.5>
B,On Time,Male,2.5>
B,On Time,Male,2.5>
B,On Time,Male,2.5>
B,On Time,Male,2.5>
B,On Time,Male,2.5>
B,On Time,Male,2.5>
B,On Time,Male,2.5>
B,On Time,Male,2.5>
B,On Time,Male,2.5>
B,On Time,Male,2.5>
B,On Time,Male,2.5>
B,On Time,Male,2.5>
B,On Time,Male,2.5>
B,On Time,Male,2.5>
B,On Time,Male,2.5>
B,On Time,Male,2.5>
B,On Time,Male,2.5>
B,On Time,Male,2.5>
B,On Time,Male,2.5>
B,On Time,Male,2.5>
B,On Time,Male,2.5>
B,On Time,Male,2.5>
B,On Time,Male,2.5>
B,On Time,Male,2.5>
B,On Time,Male,2.5>
B,On Time,Male,2.5>
B,On Time,Male,2.5>
B,On Time,Male,2.5>
B,On Time,Male,2.5>
B,On Time,Male,2.5>
B,On Time,Male,2.5>
B,On Time,Male,2.5>
B,On Time,Male,2.5>
B,On Time,Male,2.5>
B,On Time,Male,2.5>
B,On Time,Male,2.5>
B,On Time,Male,2.5>
B,On Time,Male,2.5>
B,On Time,Male,2.5>
B,On Time,Male,2.5>
B,On Time,Male,2.5>
B,On Time,Male,2.5>
B,On Time,Male,2.5>
B,On Time,Male,2.5>
B,On Time,Male,2.5>
B,On Time,Male,2.5>
B,On Time,Male,2.5>
B,On Time,Male,2.5>
B,On Time,Male,2.5>
B,On Time,Male,2.5>
B,On Time,Male,2.5>
B,On Time,Male,2.5>
B,On Time,Male,2.5>
B,On Time,Male,2.5>
B,On Time,Male,2.5>
B,On Time,Male,2.5>
B,On Time,Male,2.5>
B,On Time,Male,2.5>
B,On Time,Male,2.5>
B,On Time,Male,2.5>
B,On Time,Male,2.5>
B,On Time,Male,2.5>
B,On Time,Male,2.5>
B,On Time,Male,2.5>
B,On Time,Male,2.5>
B,On Time,Male,2.5>
B,On Time,Male,2.5>
B,On Time,Male,2.5>
B,On Time,Male,2.5>
B,On Time,Male,2.5>
B,On Time,Male,2.5>
B,On Time,Male,2.5>
B,On Time,Male,2.5>
B,On Time,Male,2.5>
B,On Time,Male,2.5>
B,On Time,Male,2.5>
B,On Time,Male,2.5>
B,On Time,Male,2.5>
B,On Time,Male,2.5>
B,On Time,Male,2.5>
B,On Time,Male,2.5>
B,On Time,Male,2.5>
B,On Time,Male,2.5>
B,On Time,Male,2.5>
B,On Time,Male,2.5>
B,On Time,Male,2.5>
B,On Time,Male,2.5>
B,On Time,Male,2.5>
B,On Time,Male,2.5>
B,On Time,Male,2.5>
B,On Time,Male,2.5>
B,On Time,Male,2.5>
B,On Time,Male,2.5>
B,On Time,Male,2.5>
B,On Time,Male,2.5>
B,On Time,Male,2.5>
B,On Time,Male,2.5>
B,On Time,Male,2.5>
B,On Time,Male,2.5>
B,On Time,Male,2.5>
B,On Time,Male,2.5>
B,On Time,Male,2.5>
B,On Time,Male,2.5>
B,On Time,Male,2.5>
B,On Time,Male,2.5>
B,On Time,Male,2.5>
B,On Time,Male,2.5>
B,On Time,Male,2.5>
B,On Time,Male,2.5>
B,On Time,Male,2.5>
B,On Time,Male,2.5>
B,On Time,Male,2.5>
B,On Time,Male,2.5>
B,On Time,Male,2.5>
B,On Time,Male,2.5>
B,On Time,Male,2.5>
B,On Time,Male,2.5>
B,On Time,Male,2.5>
B,On Time,Male,2.5>
B,On Time,Male,2.5>
B,On Time,Male,2.5>
B,On Time,Male,2.5>
B,On Time,Male,2.5>
B,On Time,Male,2.5>
B,On Time,Male,2.5>
B,On Time,Male,2.5>
B,On Time,Male,2.5>
B,On Time,Male,2.5>
B,On Time,Male,2.5>
B,On Time,Male,2.5>
B,On Time,Male,2.5>
B,On Time,Male,2.5>
B,On Time,Male,2.5>
B,On Time,Male,2.5>
B,On Time,Male,2.5>
B,On Time,Male,2.5>
B,On Time,Male,2.5>
B,On Time,Male,2.5>
B,On Time,Male,2.5>
B,On Time,Male,2.5>
B,On Time,Male,2.5>
B,On Time,Male,2.5>
B,On Time,Male,2.5>
B,On Time,Male,2.5>
B,On Time,Male,2.5>
B,On Time,Male,2.5>
B,On Time,Male,2.5>
B,On Time,Male,2.5>
B,On Time,Male,2.5>
B,On Time,Male,2.5>
B,On Time,Male,2.5>
B,On Time,Male,2.5>
B,On Time,Male,2.5>
B,On Time,Male,2.5>
B,On Time,Male,2.5>
B,On Time,Male,2.5>
B,On Time,Male,2.5>
B,On Time,Male,2.5>
B,On Time,Male,2.5>
B,On Time,Male,2.5>
B,On Time,Male,2.5>
B,On Time,Male,2.5>
B,On Time,Male,2.5>
B,On Time,Male,2.5>
B,On Time,Male,2.5>
B,On Time,Male,2.5>
B,On Time,Male,2.5>
B,On Time,Male,2.5>
B,On Time,Male,2.5>
B,On Time,Male,2.5>
B,On Time,Male,2.5>
B,On Time,Male,2.5>
B,On Time,Male,2.5>
B,On Time,Male,2.5>
B,On Time,Male,2.5>
B,On Time,Male,2.5>
B,On Time,Male,2.5>
B,On Time,Male,2.5>
B,On Time,Male,2.5>
B,On Time,Male,2.5>
B,On Time,Male,2.5>
B,On Time,Male,2.5>
B,On Time,Male,2.5>
B,On Time,Male,2.5>
B,On Time,Male,2.5>
B,On Time,Male,2.5>
B,On Time,Male,2.5>
B,On Time,Male,2.5>
B,On Time,Male,2.5>
B,On Time,Male,2.5>
B,On Time,Male,2.5>
B,On Time,Male,2.5>
B,On Time,Male,2.5>
B,On Time,Male,2.5>
B,On Time,Male,2.5>
B,On Time,Male,2.5>
B,On Time,Male,2.5>
B,On Time,Male,2.5>
B,On Time,Male,2.5>
B,On Time,Male,2.5>
B,On Time,Male,2.5>
B,On Time,Male,2.5>
B,On Time,Male,2.5>
B,On Time,Male,2.5>
B,On Time,Male,2.5>
B,On Time,Male,2.5>
B,On Time,Male,2.5>
B,On Time,Male,2.5>
B,On Time,Male,2.5>
B,On Time,Male,2.5>
B,On Time,Male,2.5>
B,On Time,Male,2.5>
B,On Time,Male,2.5>
B,On Time,Male,2.5>
B,On Time,Male,2.5>
B,On Time,Male,2.5>
B,On Time,Male,2.5>
B,On Time,Male,2.5>
B,On Time,Male,2.5>
B,On Time,Male,2.5>
B,On Time,Male,2.5>
B,On Time,Male,2.5>
B,On Time,Male,2.5>
B,On Time,Male,2.5>
B,On Time,Male,2.5>
B,On Time,Male,2.5>
B,On Time,Male,2.5>
B,On Time,Male,2.5>
B,On Time,Male,2.5>
B,On Time,Male,2.5>
B,On Time,Male,2.5>
B,On Time,Male,2.5>
B,On Time,Male,2.5>
B,On Time,Male,2.5>
B,On Time,Male,2.5>
B,On Time,Male,2.5>
B,On Time,Male,2.5>
B,On Time,Male,2.5>
B,On Time,Male,2.5>
B,On Time,Male,2.5>
B,On Time,Male,2.5>
B,On Time,Male,2.5>
B,On Time,Male,2.5>
B,On Time,Male,2.5>
B,On Time,Male,2.5>
B,On Time,Male,2.5>
B,On Time,Male,2.5>
B,On Time,Male,2.5>
B,On Time,Male,2.5>
B,On Time,Male,2.5>
B,On Time,Male,2.5>
B,On Time,Male,2.5>
B,On Time,Male,2.5>
B,On Time,Male,2.5>
B,On Time,Male,2.5>
B,On Time,Male,2.5>
B,On Time,Male,2.5>
B,On Time,Male,2.5>
B,On Time,Male,2.5>
B,On Time,Male,2.5>
B,On Time,Male,2.5>
B,On Time,Male,2.5>
B,On Time,Male,2.5>
B,On Time,Male,2.5>
B,On Time,Male,2.5>
B,On Time,Male,2.5>
B,On Time,Male,2.5>
B,On Time,Male,2.5>
B,On Time,Male,2.5>
B,On Time,Male,2.5>
B,On Time,Male,2.5>
B,On Time,Male,2.5>
B,On Time,Male,2.5>
B,On Time,Male,2.5>
B,On Time,Male,2.5>
B,On Time,Male,2.5>
B,On Time,Male,2.5>
B,On Time,Male,2.5>
B,On Time,Male,2.5>
B,On Time,Male,2.5>
B,On Time,Male,2.5>
B,On Time,Male,2.5>
B,On Time,Male,2.5>
B,On Time,Male,2.5>
B,On Time,Male,2.5>
B,On Time,Male,2.5>
B,On Time,Male,2.5>
B,On Time,Male,2.5>
B,On Time,Male,2.5>
B,On Time,Male,2.5>
B,On Time,Male,2.5>
B,On Time,Male,2.5>
B,On Time,Male,2.5>
B,On Time,Male,2.5>
B,On Time,Male,2.5>
B,On Time,Male,2.5>
B,On Time,Male,2.5>
B,On Time,Male,2.5>
B,On Time,Male,2.5>
B,On Time,Male,2.5>
B,On Time,Male,2.5>
B,On Time,Male,2.5>
B,On Time,Male,2.5>
B,On Time,Male,2.5>
B,On Time,Male,2.5>
B,On Time,Male,2.5>
B,On Time,Male,2.5>
B,On Time,Male,2.5>
B,On Time,Male,2.5>
B,On Time,Male,2.5>
B,On Time,Male,2.5>
B,On Time,Male,2.5>
B,On Time,Male,2.5>
B,On Time,Male,2.5>
B,On Time,Male,2.5>
B,On Time,Male,2.5>
B,On Time,Male,2.5>
B,On Time,Male,2.5>
B,On Time,Male,2.5>
B,On Time,Male,2.5>
B,On Time,Male,2.5>
B,On Time,Male,2.5>
B,On Time,Male,2.5>
B,On Time,Male,2.5>
B,On Time,Male,2.5>
B,On Time,Male,2.5>
B,On Time,Male,2.5>
B,On Time,Male,2.5>
B,On Time,Male,2.5>
B,On Time,Male,2.5>
B,On Time,Male,2.5>
B,On Time,Male,2.5>
B,On Time,Male,2.5>
B,On Time,Male,2.5>
B,On Time,Male,2.5>
B,On Time,Male,2.5>
B,On Time,Male,2.5>
B,On Time,Male,2.5>
B,On Time,Male,2.5>
B,On Time,Male,2.5>
B,On Time,Male,2.5>
B,On Time,Male,2.5>
B,On Time,Male,2.5>
B,On Time,Male,2.5>
B,On Time,Male,2.5>
B,On Time,Male,2.5>
B,On Time,Male,2.5>
B,On Time,Male,2.5>
B,On Time,Male,2.5>
B,On Time,Male,2.5>
B,On Time,Male,2.5>
B,On Time,Male,2.5>
B,On Time,Male,2.5>
B,On Time,Male,2.5>
B,On Time,Male,2.5>
B,On Time,Male,2.5>
B,On Time,Male,2.5>
B,On Time,Male,2.5>
B,On Time,Male,2.5>
B,On Time,Male,2.5>
B,On Time,Male,2.5>
B,On Time,Male,2.5>
B,On Time,Male,2.5>
B,On Time,Male,2.5>
B,On Time,Male,2.5>
B,On Time,Male,2.5>
B,On Time,Male,2.5>
B,On Time,Male,2.5>
B,On Time,Male,2.5>
B,On Time,Male,2.5>
B,On Time,Male,2.5>
B,On Time,Male,2.5>
B,On Time,Male,2.5>
B,On Time,Male,2.5>
B,On Time,Male,2.5>
B,On Time,Male,2.5>
B,On Time,Male,2.5>
B,On Time,Male,2.5>
B,On Time,Male,2.5>
B,On Time,Male,2.5>
B,On Time,Male,2.5>
B,On Time,Male,2.5>
B,On Time,Male,2.5>
B,On Time,Male,2.5>
B,On Time,Male,2.5>
B,On Time,Male,2.5>
B,On Time,Male,2.5>
B,On Time,Male,2.5>
B,On Time,Male,2.5>
B,On Time,Male,2.5>
B,On Time,Male,2.5>
B,On Time,Male,2.5>
B,On Time,Male,2.5>
B,On Time,Male,2.5>
B,On Time,Male,2.5>
B,On Time,Male,2.5>
B,On Time,Male,2.5>
B,On Time,Male,2.5>
B,On Time,Male,2.5>
B,On Time,Male,2.5>
B,On Time,Male,2.5>
B,On Time,Male,2.5>
B,On Time,Male,2.5>
B,On Time,Male,2.5>
B,On Time,Male,2.5>
B,On Time,Male,2.5>
B,On Time,Male,2.5>
B,On Time,Male,2.5>
B,On Time,Male,2.5>
B,On Time,Male,2.5>
B,On Time,Male,2.5>
B,On Time,Male,2.5>
B,On Time,Male,2.5>
B,On Time,Male,2.5>
B,On Time,Male,2.5>
B,On Time,Male,2.5>
B,On Time,Male,2.5>
B,On Time,Male,2.5>
B,On Time,Male,2.5>
B,On Time,Male,2.5>
B,On Time,Male,2.5>
B,On Time,Male,2.5>
B,On Time,Male,2.5>
B,On Time,Male,2.5>
B,On Time,Male,2.5>
B,On Time,Male,2.5>
B,On Time,Male,2.5>
B,On Time,Male,2.5>
B,On Time,Male,2.5>
B,On Time,Male,2.5>
B,On Time,Male,2.5>
B,On Time,Male,2.5>
B,On Time,Male,2.5>
B,On Time,Male,2.5>
B,On Time,Male,2.5>
B,On Time,Male,2.5>
B,On Time,Male,2.5>
B,On Time,Male,2.5>
B,On Time,Male,2.5>
B,On Time,Male,2.5>
B,On Time,Male,2.5>
B,On Time,Male,2.5>
B,On Time,Male,2.5>
B,On Time,Male,2.5>
B,On Time,Male,2.5>
B,On Time,Male,2.5>
B,On Time,Male,2.5>
B,On Time,Male,2.5>
B,On Time,Male,2.5>
B,On Time,Male,2.5>
B,On Time,Male,2.5>
B,On Time,Male,2.5>
B,On Time,Male,2.5>
B,On Time,Male,2.5>
B,On Time,Male,2.5>
B,On Time,Male,2.5>
B,On Time,Male,2.5>
B,On Time,Male,2.5>
B,On Time,Male,2.5>
B,On Time,Male,2.5>
B,On Time,Male,2.5>
B,On Time,Male,2.5>
B,On Time,Male,2.5>
B,On Time,Male,2.5>
B,On Time,Male,2.5>
B,On Time,Male,2.5>
B,On Time,Male,2.5>
B,On Time,Male,2.5>
B,On Time,Male,2.5>
B,On Time,Male,2.5>
B,On Time,Male,2.5>
B,On Time,Male,2.5>
B,On Time,Male,2.5>
B,On Time,Male,2.5>
B,On Time,Male,2.5>
B,On Time,Male,2.5>
B,On Time,Male,2.5>
B,On Time,Male,2.5>
B,On Time,Male,2.5>
B,On Time,Male,2.5>
B,On Time,Male,2.5>
B,On Time,Male,2.5>
B,On Time,Male,2.5>
B,On Time,Male,2.5>
B,On Time,Male,2.5>
B,On Time,Male,2.5>
B,On Time,Male,2.5>
B,On Time,Male,2.5>
B,On Time,Male,2.5>
B,On Time,Male,2.5>
B,On Time,Male,2.5>
B,On Time,Male,2.5>
B,On Time,Male,2.5>
B,On Time,Male,2.5>
B,On Time,Male,2.5>
B,On Time,Male,2.5>
B,On Time,Male,2.5>
B,On Time,Male,2.5>
B,On Time,Male,2.5>
B,On Time,Male,2.5>
B,On Time,Male,2.5>
B,On Time,Male,2.5>
B,On Time,Male,2.5>
B,On Time,Male,2.5>
B,On Time,Male,2.5>
B,On Time,Male,2.5>
B,On Time,Male,2.5>
B,On Time,Male,2.5>
B,On Time,Male,2.5>
B,On Time,Male,2.5>
B,On Time,Male,2.5>
B,On Time,Male,2.5>
B,On Time,Male,2.5>
B,On Time,Male,2.5>
B,On Time,Male,2.5>
B,On Time,Male,2.5>
B,On Time,Male,2.5>
B,On Time,Male,2.5>
B,On Time,Male,2.5>
B,On Time,Male,2.5>
B,On Time,Male,2.5>
B,On Time,Male,2.5>
B,On Time,Male,2.5>
B,On Time,Male,2.5>
B,On Time,Male,2.5>
B,On Time,Male,2.5>
B,On Time,Male,2.5>
B,On Time,Male,2.5>
B,On Time,Male,2.5>
B,On Time,Male,2.5>
B,On Time,Male,2.5>
B,On Time,Male,2.5>
B,On Time,Male,2.5>
B,On Time,Male,2.5>
B,On Time,Male,2.5>
B,On Time,Male,2.5>
B,On Time,Male,2.5>
B,On Time,Male,2.5>
B,On Time,Male,2.5>
B,On Time,Male,2.5>
B,On Time,Male,2.5>
B,On Time,Male,2.5>
B,On Time,Male,2.5>
B,On Time,Male,2.5>
B,On Time,Male,2.5>
B,On Time,Male,2.5>
B,On Time,Male,2.5>
B,On Time,Male,2.5>
B,On Time,Male,2.5>
B,On Time,Male,2.5>
B,On Time,Male,2.5>
B,On Time,Male,2.5>
B,On Time,Male,2.5>
B,On Time,Male,2.5>
B,On Time,Male,2.5>
B,On Time,Male,2.5>
B,On Time,Male,2.5>
B,On Time,Male,2.5>
B,On Time,Male,2.5>
B,On Time,Male,2.5>
B,On Time,Male,2.5>
B,On Time,Male,2.5>
B,On Time,Male,2.5>
B,On Time,Male,2.5>
B,On Time,Male,2.5>
B,On Time,Male,2.5>
B,On Time,Male,2.5>
B,On Time,Male,2.5>
B,On Time,Male,2.5>
B,On Time,Male,2.5>
B,On Time,Male,2.5>
B,On Time,Male,2.5>
B,On Time,Male,2.5>
B,On Time,Male,2.5>
B,On Time,Male,2.5>
B,On Time,Male,2.5>
B,On Time,Male,2.5>
B,On Time,Male,2.5>
B,On Time,Male,2.5>
B,On Time,Male,2.5>
B,On Time,Male,2.5>
B,On Time,Male,2.5>
B,On Time,Female,2.0>
B,On Time,Female,2.0>
B,On Time,Female,2.0>
B,On Time,Female,2.0>
B,On Time,Female,2.0>
B,On Time,Female,2.0>
B,On Time,Female,2.0>
B,On Time,Female,2.0>
B,On Time,Female,2.0>
B,On Time,Female,2.0>
B,On Time,Female,2.0>
B,On Time,Female,2.0>
B,On Time,Female,2.0>
B,On Time,Female,2.0>
B,On Time,Female,2.0>
B,On Time,Female,2.0>
B,On Time,Female,2.0>
B,On Time,Female,2.0>
B,On Time,Female,2.0>
B,On Time,Female,2.0>
B,On Time,Female,2.5>
B,On Time,Female,2.5>
B,On Time,Female,2.5>
